date,close,high,low,open,volume
2021-01-04,26.40782928466797,26.439684650461754,25.908767288002682,25.951240028906923,24563188
2021-01-05,26.460922241210938,26.471541237042317,26.28041065369645,26.375975135253743,18926280
2021-01-06,26.747615814208984,27.002457117866253,26.354737293830787,26.77947117969504,42348292
2021-01-07,27.374095916748047,27.395333905883216,26.875035576693374,26.875035576693374,26764652
2021-01-08,27.8625431060791,27.87316210163889,27.512138935843492,27.7351248807491,51960980
2021-01-11,28.096147537231445,28.096147537231445,27.713886387245914,27.862542601000726,40583424
2021-01-12,28.053672790527344,28.2766554749862,27.947489325370864,28.096145528497498,43497448
2021-01-13,28.733243942260742,28.765097682987466,28.181088672943396,28.191707666672947,42755604
2021-01-14,28.46778678894043,28.680153712781145,28.319130590344347,28.669534718496692,48001796
2021-01-15,28.563352584838867,29.306636852845827,28.542114595282342,29.126123663002094,86095908
2021-01-18,28.542116165161133,28.658918633221926,28.053674783118158,28.584592146610458,56811080
2021-01-19,29.296016693115234,29.32787367618323,28.712007648618524,28.712007648618524,48277244
2021-01-20,29.34910774230957,29.625185386838464,29.232305288032492,29.327872994553218,119861744
2021-01-21,30.36847496032715,30.42156669976828,29.38096990290715,29.39158565842529,54689548
2021-01-22,29.825979232788086,30.16232233834592,29.294341839400715,29.98872557634031,95071252
2021-01-25,29.424541473388672,29.79343253870323,29.12074629936029,29.771731700885855,55002504
2021-01-26,28.827808380126953,29.64154023152967,28.599962799517517,29.413694650920235,57505908
2021-01-27,28.87120246887207,29.16414390528874,28.697605704097622,28.9254512509214,31419364
2021-01-28,28.28531837463379,28.491463099434352,28.079170338750092,28.209368749720518,58015204
2021-01-29,27.81877899169922,28.61081331638976,27.81877899169922,28.556564526113014,56158664
2021-02-01,28.372116088867188,28.415514456996796,27.677732265543682,27.818777789735726,56531932
2021-02-02,29.174997329711914,29.305195744477352,28.75185744834908,28.75185744834908,43553492
2021-02-03,29.15329933166504,29.40284242634838,29.120748072956445,29.391992006778846,28327880
2021-02-04,28.97970199584961,29.196697138744653,28.71930848659218,28.947150737765487,26233916
2021-02-05,29.250946044921875,29.5764387606048,29.120747634215455,29.250946044921875,35199004
2021-02-17,30.498672485351562,30.563771700018947,30.16232930213976,30.16232930213976,75622784
2021-02-18,30.455276489257812,30.65057083741666,30.29253009543082,30.498674865394904,41912192
2021-02-19,30.129776000976562,30.281671934176455,29.858532080589963,30.281671934176455,35106384
2021-02-22,30.118928909301758,30.542068809634188,30.108078489071,30.33592406958335,27254544
2021-02-23,30.053834915161133,30.097233292533023,29.60899409716037,29.760890073503962,30629724
2021-02-24,29.60898780822754,29.9887293239716,29.56558944007344,29.728335803963752,41942244
2021-02-25,29.84768295288086,29.97787805364935,29.66323575460489,29.91278215880668,40729192
2021-02-26,28.94715118408203,29.337743109532003,28.925453656107855,29.21839511688296,105334836
2021-03-02,28.95800018310547,29.43538881920066,28.95800018310547,29.40284087329442,28506280
2021-03-03,29.381139755249023,29.381139755249023,28.795253556940196,29.023099109361123,33512376
2021-03-04,28.806106567382812,29.153300136696064,28.578260994463697,29.153300136696064,66353052
2021-03-05,28.63250732421875,28.773556148240143,28.100869907111612,28.220217893258027,56613844
2021-03-08,28.610811233520508,29.03395110465784,28.534861608228844,29.023100685175727,48210408
2021-03-09,28.502315521240234,28.556564311108538,28.155121941649742,28.328718731444987,53095728
2021-03-10,28.621662139892578,28.773561410632297,28.513164552840546,28.708462196184357,21353912
2021-03-11,29.229244232177734,29.283493016317294,28.65420844473162,28.65420844473162,36663172
2021-03-12,29.348594665527344,29.435391402951407,29.18584829954475,29.348594665527344,22112176
2021-03-15,29.272642135620117,29.348591756650922,29.174994987925487,29.348591756650922,14718124
2021-03-16,29.370298385620117,29.435394289530144,29.240099955632832,29.391995916562255,26876500
2021-03-17,29.12074851989746,29.381142038146812,29.07735015203644,29.37029492949398,26582624
2021-03-18,29.272642135620117,29.522188525376354,29.250944608956292,29.3160438111137,27618816
2021-03-19,28.816959381103516,28.968855338639976,28.708461795565537,28.95800491786947,39701288
2021-03-22,28.94715118408203,28.990552862196708,28.556562569715222,28.730156037841287,21224136
2021-03-23,28.99055290222168,29.229245576766143,28.99055290222168,29.055648797317243,27467604
2021-03-24,28.534862518310547,28.74100725071287,28.491464150081097,28.599961726196348,40972516
2021-03-25,28.63250732421875,28.762705729302652,28.33956587940444,28.448063446613368,19540068
2021-03-26,29.15329933166504,29.164146440151395,28.762707404744145,28.871204978273106,31879756
2021-03-29,29.391992568969727,29.489639724796884,29.305195832919637,29.33774378116761,32263336
2021-03-30,29.48963737487793,29.500487793790374,29.337741443352673,29.467939848136023,19052992
2021-03-31,29.24009895324707,29.467944542372187,29.20755100240784,29.467944542372187,30413248
2021-04-01,29.457094192504883,29.522193405423252,29.33774618733512,29.4462437718379,28893264
2021-04-07,29.901927947998047,29.93447589129258,29.76087913452868,29.88022711174653,17117556
2021-04-08,29.999582290649414,29.99958229064941,29.652388693774487,29.804287961834476,24794268
2021-04-09,29.934480667114258,30.140625400061538,29.869381459056363,30.12977829128794,14374740
2021-04-12,29.760883331298828,30.032127267278888,29.652385756906806,29.956180951854392,23586236
2021-04-13,29.760883331298828,30.118927313442427,29.728335383414503,29.77173375095467,22351296
2021-04-14,29.923629760742188,29.923629760742188,29.52219072123131,29.804285077506897,25502040
2021-04-15,30.173181533813477,30.173181533813477,29.858539173636743,29.956186345955896,30128784
2021-04-16,30.216577529907227,30.216577529907227,30.032130310318184,30.140627895703847,44717424
2021-04-19,30.270822525024414,30.325071310911554,30.08637532857489,30.216573739137274,31997080
2021-04-20,30.216577529907227,30.28167674335533,30.118930365276835,30.12978078603211,19005996
2021-04-21,29.945327758789062,30.151472468825016,29.945327758789062,30.151472468825016,31261660
2021-04-22,29.923629760742188,30.17317616905964,29.88023139310361,30.064678594421586,15844676
2021-04-23,30.194873809814453,30.194873809814453,29.81513229716671,29.92362987220892,23838556
2021-04-26,30.639713287353516,30.672264545196256,30.35761894146522,30.379319780027046,47495696
2021-04-27,30.650562286376953,30.748209433214313,30.552915139539596,30.63971186759882,26350460
2021-04-28,30.46611785888672,30.65056506156661,30.422719490927697,30.65056506156661,11847132
2021-04-29,30.509517669677734,30.813309537871422,30.509517669677734,30.59631440028078,35394172
2021-05-03,29.999582290649414,30.466120582309284,29.96703433954143,30.466120582309284,26886696
2021-05-04,29.739187240600586,30.021281609872343,29.294346501873974,29.99958076951168,53149348
2021-05-05,29.457094192504883,29.7934373666802,29.4462437718379,29.739188574428812,35123544
2021-05-06,29.71748161315918,29.83682959375075,29.402839345114373,29.57643610678549,31910052
2021-05-07,30.249120712280273,30.259971131324967,29.934478426482283,29.977876791578037,27887364
2021-05-10,30.04297637939453,30.27082193791805,29.967030067275395,30.27082193791805,17145392
2021-05-11,28.91460418701172,29.46794249033066,28.77355866175229,29.457092070445334,101487268
2021-05-12,28.079172134399414,28.838655187768154,26.299812500152186,28.838655187768154,153849896
2021-05-13,27.666881561279297,28.20936943502987,27.124393687528723,27.39563762440401,108572604
2021-05-14,27.981525421142578,28.263619793389246,27.742831074533235,27.88387826065657,60858732
2021-05-17,27.449886322021484,27.9489758264567,27.059294391981616,27.167791966376956,126414496
2021-05-18,28.70846176147461,28.70846176147461,27.775381864739316,27.851331498959127,65091716
2021-05-19,28.51316261291504,28.78440656209073,28.317868293941892,28.686759402604153,67681988
2021-05-20,28.317867279052734,28.513161591026694,28.144270495585186,28.50231448231511,38038476
2021-05-21,28.719308853149414,29.044801571646385,28.491463287984903,28.75185680056585,40364120
2021-05-24,28.6759090423584,28.784406622255453,28.458913882564286,28.545713933131953,40898176
2021-05-25,29.164146423339844,29.21839521007305,28.83865370294059,28.83865370294059,36364972
2021-05-26,29.18584632873535,29.326891845296014,29.06649833952391,29.26179595216529,20554356
2021-05-27,28.97970199584961,29.01224994285062,28.71930848659218,28.968851576488234,22624404
2021-05-28,29.467939376831055,29.489636903225936,29.142446681161527,29.272641772779583,38184028
2021-05-31,29.75003433227539,29.84768148080663,29.46793999456503,29.46793999456503,41441512
2021-06-01,29.88022804260254,29.96702807922993,29.77173048013043,29.77173048013043,22239920
2021-06-02,29.88022804260254,29.945327242302373,29.65238249919454,29.901928879530097,19776268
2021-06-03,29.858531951904297,30.04297583032245,29.83683111393369,29.93447826263542,19899456
2021-06-04,29.71748161315918,29.728332031591655,29.57643610678549,29.728332031591655,12430320
2021-06-07,29.793437957763672,29.81513548844459,29.218398761840408,29.77173711599918,42978416
2021-06-08,29.619836807250977,29.836831948696037,29.619836807250977,29.793433582623646,11574400
2021-06-09,29.40284538269043,29.576442180007888,29.305198218912956,29.576442180007888,23961704
2021-06-10,29.858531951904297,29.912780735747813,29.467940046014384,29.511338410872597,27041116
2021-06-11,29.96702766418457,30.053824388526984,29.912778883699865,29.96702766418457,13123036
2021-06-15,30.129776000976562,30.16232394698975,30.032125540770977,30.075527216899243,15841824
2021-06-16,30.097227096557617,30.151475884875524,29.97787910004157,30.097227096557617,28848448
2021-06-17,30.01042938232422,30.01042938232422,29.760882977538934,29.901931809221875,12704604
2021-06-18,29.945327758789062,30.129774942606065,29.934477340138137,30.129774942606065,8566312
2021-06-21,29.229244232177734,29.72833370847828,29.207546705171723,29.70663287038925,62771964
2021-06-22,29.261798858642578,29.522192390278708,29.185849227668818,29.424545229800582,23116784
2021-06-23,29.739187240600586,29.760884769877883,29.25094813223602,29.294346501873974,25554192
2021-06-24,29.663230895996094,29.782578868797962,29.6089821184573,29.739180508983452,24711284
2021-06-25,29.71748161315918,29.934476737477368,29.663232832079633,29.825979175318274,25873856
2021-06-28,29.7717342376709,29.83683344558701,29.61983829325547,29.72833586942124,15924228
2021-06-29,29.858531951904297,30.097224614165967,29.79343274907548,29.923627843650117,35947620
2021-06-30,30.15147590637207,30.23827595439257,29.956181592721684,29.967032012609653,37738688
2021-07-01,30.01042938232422,30.205723689475168,29.95618059577305,30.16232532245086,18035100
2021-07-02,30.01042938232422,30.05382774934852,29.923629337192448,30.01042938232422,18841708
2021-07-05,30.292526245117188,30.379322986359124,30.108079031123776,30.108079031123776,30418260
2021-07-06,30.3250675201416,30.3901667172851,30.259968322998102,30.346768356217005,25581352
2021-07-07,30.16232681274414,30.30337234031285,30.075530074406984,30.292525231333205,26349512
2021-07-08,30.129776000976562,30.270821515144387,29.988727175725725,30.194871893002937,15770840
2021-07-09,29.89108657836914,29.923634531516445,29.717489769054787,29.923634531516445,26946384
2021-07-12,30.16232681274414,30.390172389733333,30.06467965434401,30.173177232807117,54207240
2021-07-13,30.411874771118164,30.59632200836811,30.368476395025194,30.3793268168194,54740836
2021-07-14,30.487812042236328,30.61801042877141,30.411862431577113,30.422712848968786,37822716
2021-07-15,30.769908905029297,30.78075932332583,30.552913783429773,30.585461727236584,48290328
2021-07-16,30.357620239257812,30.379321078747353,30.17317634792964,30.335922710851502,37001536
2021-07-19,30.01042938232422,30.205723689475168,29.847683022670704,30.16232532245086,41802040
2021-07-20,29.7717342376709,30.010430229668895,29.73918628925447,29.901932653503124,31443692
2021-07-21,29.739097595214844,30.021913385217683,29.60856952874887,30.021913385217683,50775656
2021-07-22,29.945772171020508,30.14156926735688,29.858753452349678,29.97840668018557,24405396
2021-07-23,29.945772171020508,30.087181738299776,29.880509791793052,30.032794209242674,12374240
2021-07-26,29.684715270996094,30.03279681498274,29.641205907885666,29.96753111054129,46350908
2021-07-27,29.6738338470459,29.815243411090897,29.597693299838213,29.69559018599167,41265188
2021-07-28,29.206104278564453,29.608573337598035,29.097329216074456,29.608573337598035,120230996
2021-07-29,29.69559097290039,29.71734731242269,29.423653326628408,29.5541847246595,42856636
2021-07-30,29.597692489624023,29.717345711447837,29.58681432044892,29.717345711447837,15472072
2021-08-02,30.000160217285156,30.021916557103612,29.59769448705482,29.804366437124603,28890076
2021-08-03,30.119813919067383,30.119813919067386,29.956651326526877,30.011038857373713,24320952
2021-08-04,30.29385757446289,30.30473574558131,30.11981679522349,30.1633261601454,21724496
2021-08-05,30.239469528198242,30.337366427508687,30.206838334945328,30.293857063320903,22573208
2021-08-06,30.19595718383789,30.239466543731545,29.97840706481824,30.21771020400903,15681916
2021-08-09,30.10894012451172,30.141574639493236,29.73910552491802,30.065430757421623,20148264
2021-08-10,29.945772171020508,30.130691097635193,29.91314098140678,30.119812927913504,9903104
2021-08-11,29.847875595092773,29.945772484510137,29.717347515720085,29.880510104599473,14460116
2021-08-12,29.793485641479492,29.858751335631528,29.695588760026986,29.847873166681005,8938108
2021-08-13,29.510669708251953,29.771732483636917,29.488916690003926,29.71734495869023,28719444
2021-08-16,29.44541358947754,29.53243232005847,29.34751336813426,29.47804478355744,42835976
2021-08-17,29.227859497070312,29.478040803374356,29.21698132732854,29.45628446389081,52037948
2021-08-18,29.347505569458008,29.358383737777856,28.814508517294563,29.064693110447422,85849596
2021-08-19,28.67310905456543,29.26049376739841,28.629599690568856,29.26049376739841,105585004
2021-08-20,28.444677352905273,28.89065574969091,28.325024126516254,28.760124353711745,62649456
2021-08-23,29.227859497070312,29.249612517002515,28.74924658484309,28.77100292432663,23545608
2021-08-24,29.314882278442383,29.44541369433038,29.282251084246283,29.41277918058248,19796404
2021-08-25,29.597692489624023,29.608570658799128,29.401895403125646,29.401895403125646,27403636
2021-08-26,29.804367065429688,30.021917189994866,29.662960812282904,29.902263957573727,28349696
2021-08-27,30.05455207824707,30.13069595903288,29.684717484898556,29.739105022730744,66067832
2021-08-30,30.348241806030273,30.348241806030273,30.119813515622994,30.16332287580738,85414624
2021-08-31,30.53316307067871,30.53316307067871,30.043675262189712,30.32648778478648,64500216
2021-09-01,30.6745662689209,30.739831967445888,30.467894323217866,30.489647343025315,72891272
2021-09-02,30.435260772705078,30.761585956055963,30.435260772705078,30.652810894939,27917864
2021-09-03,30.8703670501709,30.91387973876251,30.554919975194153,30.59842934423369,44336692
2021-09-06,31.011777877807617,31.2184498785987,30.805105877016537,30.87036827338578,55343340
2021-09-07,30.8703670501709,31.06616419017693,30.772470139943916,31.06616419017693,32844564
2021-09-08,30.598424911499023,30.892118919185155,30.446140482145754,30.83773138587673,27915944
2021-09-09,30.52228355407715,30.67456797942641,30.304733426563484,30.380873979462365,12250292
2021-09-10,30.881235122680664,30.913869628451334,30.565788150870137,30.60929750568004,11929744
2021-09-13,30.7724666595459,30.859488707334766,30.707200953592174,30.859488707334766,12939284
2021-09-14,30.80509376525879,30.93562182622926,30.750706243300034,30.85948128721754,9637564
2021-09-15,30.620176315307617,30.77246072010586,30.544032453132967,30.739829533203046,47972592
2021-09-16,30.478775024414062,30.674568816700017,30.402631149885302,30.631059453919985,32048512
2021-09-17,30.565786361694336,30.685439570080877,30.348236280828182,30.47876765716819,15056364
2021-09-22,29.847875595092773,29.934897634225937,29.652081816258054,29.82612257497301,95626476
2021-09-23,30.02191925048828,30.13069432023643,29.934900522510443,30.02191925048828,22950432
2021-09-24,30.380870819091797,30.380870819091797,30.174198883363168,30.195955221671934,24728896
2021-09-27,30.45701789855957,30.533161771126572,30.282977132371784,30.424386707203148,46916492
2021-09-28,30.239469528198242,30.315613405190646,30.076306922830266,30.293857063320903,70802024
2021-09-29,29.586820602416992,29.782614410935768,29.46716735518802,29.782614410935768,118838624
2021-09-30,29.815244674682617,29.826122844616528,29.412775623987713,29.652082084328153,66370156
2021-10-01,29.140840530395508,29.652084686186463,29.075574824616623,29.652084686186463,108369932
2021-10-04,28.966796875,29.32575656132078,28.901534495261096,29.304000221706907,93019620
2021-10-05,28.92328643798828,28.93416460739003,28.477308048926535,28.71661449756003,107861208
2021-10-06,28.934165954589844,29.151716074549167,28.71661583463052,29.151716074549167,88152372
2021-10-07,29.44541358947754,29.499801125978568,29.140841393340708,29.162597735761835,54266868
2021-10-08,29.195228576660156,29.510675620639724,29.140841040817065,29.510675620639724,30805556
2021-10-12,28.901535034179688,28.966797415135524,28.629597381692303,28.868900524150348,44110052
2021-10-13,28.803634643554688,29.064697443951477,28.749247113397256,29.02118476418441,21732664
2021-10-14,28.879779815673828,29.08645177567983,28.825392283064275,29.042942413502495,13018476
2021-10-15,29.64120864868164,29.66296499202438,29.216986509913646,29.293127072509378,53612692
2021-10-18,29.55418586730957,29.782610843368527,29.499798335952395,29.73910148219308,21166076
2021-10-19,29.793485641479492,29.858751335631528,29.597691878574476,29.630323065874947,33879576
2021-10-20,29.717350006103516,29.869634437909127,29.684715493861965,29.815246903724862,58064224
2021-10-21,29.60857391357422,29.978408469324318,29.60857391357422,29.7391019993705,52200656
2021-10-22,29.69559097290039,29.749978502154786,29.510672045614903,29.641203443645995,20749424
2021-10-25,29.6738338470459,29.739099544331957,29.412774377452926,29.586815130365327,29361584
2021-10-26,29.92401885986328,29.967528218775197,29.717346915368193,29.728221765432696,42011924
2021-10-27,29.92401885986328,29.92401885986328,29.739099935048504,29.793487463576223,29550340
2021-10-28,29.836999893188477,29.9457749614386,29.717349973754654,29.902265598048878,17775576
2021-10-29,29.54330825805664,29.815245920005705,29.445411363665286,29.815245920005705,19783344
2021-11-01,29.69559097290039,29.749978502154786,29.630325273884846,29.630325273884846,12073852
2021-11-02,29.64120864868164,29.945777538168425,29.6194523053389,29.76086189796285,15930308
2021-11-03,29.717350006103516,29.80436873297768,29.673837323114782,29.673837323114782,9295528
2021-11-04,29.61944580078125,29.913139773652134,29.61944580078125,29.85875224679095,10037280
2021-11-05,30.04366683959961,30.065419855480894,29.760851076737165,29.826116763482453,44980008
2021-11-08,30.282974243164062,30.282974243164062,30.065424136073013,30.065424136073013,29547192
2021-11-09,30.609302520751953,30.718077585374065,30.478774434936337,30.489649285757324,49103720
2021-11-10,30.565786361694336,30.59841754600394,30.45701132126126,30.59841754600394,21403752
2021-11-11,30.29385757446289,30.402632646543548,30.195960673500654,30.261226380659398,17749988
2021-11-12,30.391748428344727,30.631054867127805,30.34823907207992,30.435257784609533,22775288
2021-11-15,30.663686752319336,30.728952447977488,30.57666803780925,30.57666803780925,25918820
2021-11-16,30.718076705932617,30.772464236686588,30.631057984546835,30.663689175178643,22967136
2021-11-17,30.815975189208984,30.82685335983199,30.70720012208216,30.739834633951173,81202148
2021-11-18,30.99001121520996,31.011767553124553,30.81597047054652,30.837726808461113,23376840
2021-11-19,31.066158294677734,31.2293208872763,31.033523784427153,31.218442717192776,23825376
2021-11-22,30.99001121520996,31.087908096723424,30.979133046252663,31.04439874044534,14822488
2021-11-23,30.696319580078125,30.892113336786657,30.685441411471874,30.892113336786657,17951904
2021-11-24,30.565786361694336,30.707192586437017,30.489642505570863,30.696317738034345,12176628
2021-11-25,30.554912567138672,30.652809453630496,30.457015680646844,30.565790736649156,9909604
2021-11-26,30.05455207824707,30.424389991147454,30.01104271189169,30.35912428183845,46647920
2021-11-29,30.05455207824707,30.195961668341884,29.913145807704126,29.93490215065775,44655660
2021-11-30,30.02191925048828,30.370000801503025,29.989288057384513,30.195960025995653,41102956
2021-12-01,30.52228355407715,30.56579291566958,30.032795767171407,30.043673937457392,16704276
2021-12-02,30.848604202270508,30.881235388771355,30.39174767395252,30.478769703873148,35537196
2021-12-03,30.837730407714844,30.924749130427482,30.696324153418935,30.881239769071165,19330520
2021-12-06,30.750709533691406,30.870359439162737,30.45701555586789,30.60929996973698,15418468
2021-12-07,30.848604202270508,30.848604202270508,30.533157227741906,30.750707323216943,12050156
2021-12-08,30.968257904052734,31.24019552765857,30.957379735198288,31.131420478216235,43552320
2021-12-09,30.892118453979492,31.033524710631315,30.826852751081905,30.990015348550106,18162644
2021-12-10,30.881235122680664,30.913869628451334,30.75070705825096,30.848603936460986,13121360
2021-12-13,30.783342361450195,30.990014314100883,30.783342361450195,30.93562678342694,18437204
2021-12-14,30.478775024414062,30.609303112754166,30.446140512665337,30.533162557777004,18753476
2021-12-15,30.52228355407715,30.587549256241548,30.39175214974835,30.478774192484718,39734372
2021-12-16,30.90299415588379,30.90299415588379,30.70719706283112,30.75070974098812,22468220
2021-12-17,30.8703670501709,30.892123394466704,30.718082598756475,30.794226484239722,19549972
2021-12-20,30.598424911499023,30.859487727020735,30.522284356598185,30.848609556448732,17373652
2021-12-21,30.859481811523438,30.881234828945985,30.609297214531964,30.609297214531964,26402952
2021-12-22,30.859481811523438,30.892112997432736,30.815969137576428,30.881234828945985,16285780
2021-12-23,31.03352928161621,31.153182534627145,30.946510544636638,31.05528562563712,55705360
2021-12-24,31.120548248291016,31.240201489421974,31.098791906430225,31.109670077360622,50101524
2021-12-27,31.35984992980957,31.381606270642767,31.131424948818744,31.153177970100394,26048796
2021-12-28,31.610036849975586,31.610036849975586,31.392486704166465,31.392486704166465,89823980
2021-12-29,31.75144386291504,31.79495322918874,31.555650054907467,31.642668787454863,90088896
2021-12-30,31.653547286987305,31.762322363574892,31.620916091831788,31.751444192005753,24985712
2022-01-03,31.849340438842773,32.056015735729666,31.76232170719175,31.76232170719175,27136808
2022-01-04,32.54550552368164,32.54550552368164,32.13215822465005,32.13215822465005,38537760
2022-01-05,32.4802360534668,32.75217372417641,32.43672669006359,32.654276826631275,45626404
2022-01-06,32.17566680908203,32.360585769873516,31.979872996110295,32.262688863387645,34484932
2022-01-07,31.892847061157227,32.41496599090843,31.871090722604595,32.26268157969359,27956496
2022-01-10,32.09952926635742,32.153916810583866,31.63179439427865,31.762325828243018,62807884
2022-01-11,32.2626838684082,32.30619322904882,31.91460234418037,32.11039944639031,71021608
2022-01-12,32.53461837768555,32.54549654668229,32.349699463394295,32.4911090212497,40619208
2022-01-13,32.697784423828125,32.73041561473001,32.53462183021576,32.53462183021576,29812384
2022-01-14,32.697784423828125,32.893578208342376,32.42584676780752,32.80655948623637,40446116
2022-01-17,33.06761932373047,33.15463804676179,32.87182553713424,32.87182553713424,27711192
2022-01-18,32.697784423828125,33.12200650330998,32.665149913374776,33.11112833315887,57660460
2022-01-19,32.30619812011719,32.556379471341096,32.251810581194434,32.4149731979627,58657148
2022-01-20,32.436729431152344,32.458482454916386,32.11040419872446,32.306198010360426,65053388
2022-01-21,31.714181900024414,32.003200722443374,31.636371358223368,31.99208396151204,119510380
2022-01-24,32.01431655883789,32.01431655883789,31.502976101995753,31.591906794519065,52641948
2022-01-25,31.491857528686523,31.691949031077247,31.402930233640994,31.691949031077247,96087792
2022-01-26,31.469623565673828,31.614131250600334,31.358462764235462,31.38069288910807,71003288
2022-02-07,31.636363983154297,31.747524781835544,31.391808869112214,31.703061140834716,96090320
2022-02-08,31.769758224487305,31.90315255378109,31.747528097844146,31.858688908136067,44340368
2022-02-09,31.880918502807617,31.903152021438494,31.714177290152016,31.903152021438494,32243600
2022-02-10,32.24775314331055,32.24775314331055,31.90315393798252,31.99208123313091,24016868
2022-02-11,32.225521087646484,32.24775460862328,32.02543296829132,32.169940677563496,17259684
2022-02-14,31.725292205810547,32.003194210753456,31.614131403833383,32.003194210753456,47456160
2022-02-15,31.580785751342773,31.836454248913956,31.558552233137195,31.725293442603252,29444908
2022-02-16,32.103240966796875,32.11435772640566,31.969850028567773,31.992080155426585,26800172
2022-02-17,32.12548065185547,32.23664148456085,32.01431981915009,32.10324712837063,19763216
2022-02-18,32.03654479980469,32.04765816622423,31.803106434899927,31.903150479185257,15468844
2022-02-21,31.9698486328125,31.980965391935936,31.74752701977814,31.892034711307033,18011756
2022-02-22,31.536317825317383,31.714172377378706,31.29176272769587,31.70305901214347,74872596
2022-02-23,31.625246047973633,31.65859292939376,31.491851737576674,31.53631876928115,17635428
2022-02-24,30.858238220214844,31.36957856976727,30.74707742215381,31.36957856976727,117813808
2022-02-25,30.79154396057129,30.94716841403024,30.64703626643626,30.91382152841713,90309080
2022-03-01,31.225069046020508,31.302882965467095,30.869356509992482,30.91382015295117,32958060
2022-03-02,31.047212600708008,31.147260042707682,30.947168551067012,31.12502652396138,24524616
2022-03-03,31.113903045654297,31.30287773711342,31.091672924067183,31.236180587636202,17755472
2022-03-04,30.780424118041992,30.869354791366735,30.6692633206548,30.791540876252373,50396708
2022-03-07,29.791095733642578,30.435827045561574,29.735515331154442,30.435827045561574,208177676
2022-03-08,29.15747833251953,29.60212156072331,29.12413144734769,29.446497109323712,167283432
2022-03-09,29.457612991333008,29.624354196944328,29.390915830616777,29.390915830616777,83526340
2022-03-10,30.313554763793945,30.358018410084718,30.057882860994177,30.057882860994177,57746092
2022-03-11,29.880023956298828,30.202393014711063,29.83556031138776,30.202393014711063,42419380
2022-03-14,29.880023956298828,30.09123220625406,29.79109666647669,30.013418283390696,34346608
2022-03-15,29.268638610839844,29.602121025968405,29.213058208318415,29.602121025968405,94122712
2022-03-16,29.390914916992188,29.624353276063243,29.14636319177932,29.61323651756302,75954080
2022-03-17,30.324665069580078,30.346898586660195,30.057879826410794,30.11346022675266,56006192
2022-03-18,30.257970809936523,30.36913160880865,30.124576494346623,30.36913160880865,50581376
2022-03-21,30.458059310913086,30.60256699449595,30.41359566922285,30.41359566922285,30873588
2022-03-22,30.413597106933594,30.45806075072571,30.30243630127401,30.413597106933594,24184288
2022-03-23,30.70261001586914,30.75819040808298,30.580332474527104,30.59144923144146,41079752
2022-03-24,30.680381774902344,30.702615292552196,30.46917692666276,30.56922097137009,17108564
2022-03-25,30.724843978881836,30.79154113634921,30.658146821414466,30.769307619740637,19496792
2022-03-28,30.391361236572266,30.45805839327738,30.13569276028735,30.45805839327738,42024708
2022-03-29,30.424715042114258,30.502525573668784,30.36913463713587,30.45806192815781,25774216
2022-03-30,30.802656173706055,30.836003054397473,30.69149538159045,30.69149538159045,32665068
2022-03-31,30.70261001586914,30.824884164853252,30.70261001586914,30.80265404338247,14238552
2022-04-01,30.446941375732422,30.446941375732422,30.269083423486663,30.36913085387122,30795024
2022-04-06,30.291322708129883,30.313556228528963,30.01342066493603,30.069001073574803,46251656
2022-04-07,29.74662971496582,30.03564846329878,29.74662971496582,30.03564846329878,58991464
2022-04-08,29.913373947143555,29.913373947143555,29.735515976847694,29.813329898964202,35768872
2022-04-11,29.44649314880371,29.89113631720349,29.39091275275374,29.824439163471894,66837660
2022-04-12,29.468730926513672,29.535428089892324,29.25752606944681,29.37980024455592,56875520
2022-04-13,30.024534225463867,30.05788111014983,29.613237888424656,29.65770153212546,28186852
2022-04-14,29.913373947143555,30.180159206408035,29.913373947143555,30.180159206408035,19791976
2022-04-15,29.402034759521484,29.579892737105656,29.346454353548854,29.535429090799305,82769516
2022-04-18,29.246410369873047,29.402034828489708,29.157479684692976,29.346454422386703,71848084
2022-04-19,29.346450805664062,29.55765564435437,29.313103923055515,29.402031204917215,36238036
2022-04-20,29.490957260131836,29.502074017991745,29.268635672366475,29.390913224109067,27048540
2022-04-21,29.513195037841797,29.702169771675415,29.49096151891124,29.62435584777717,15936376
2022-04-22,29.257526397705078,29.29087328358922,29.090785183567,29.213059360047975,44801348
2022-04-25,28.735069274902344,28.912927248692625,28.60167494646996,28.90181048926348,128851880
2022-04-26,28.735069274902344,28.85734684390558,28.646141984186546,28.846230084476435,37409408
2022-04-27,28.134801864624023,28.234845915775104,28.023641053931993,28.234845915775104,114986256
2022-04-28,28.2570743560791,28.323771512981878,28.001404182857335,28.312654754771696,46171364
2022-04-29,28.623905181884766,28.790646377119046,28.51274438506191,28.657252063988302,47537724
2022-05-03,28.412702560424805,28.61279065335429,28.334888639641914,28.57944376865223,25125076
2022-05-04,28.412702560424805,28.557210250611814,28.346005398662122,28.523863365909754,39598772
2022-05-05,28.735069274902344,28.85734684390558,28.66837211068615,28.790649679689388,24902416
2022-05-06,28.157032012939453,28.20149565610013,28.00140586951857,28.112566673599517,68203532
2022-05-09,27.69015884399414,27.91248046716172,27.67904208436401,27.901363707531594,51720992
2022-05-10,27.567880630493164,27.590112453056083,27.023193344894672,27.156585976451513,55376572
2022-05-11,27.61234474182129,27.66792514725666,27.41225663919744,27.53453251344764,32199604
2022-05-12,26.956497192382812,27.34556003845844,26.945380432594604,27.34556003845844,47755260
2022-05-13,27.2010498046875,27.2010498046875,27.023193526807542,27.145469399816385,28106200
2022-05-16,27.345556259155273,27.56787785475816,27.234395461353827,27.445600298704907,22904664
2022-05-17,27.64569091796875,27.679039497563103,27.378905673572362,27.378905673572362,16662204
2022-05-18,27.945825576782227,28.01252273796337,27.84578153118978,27.86801335285707,25266444
2022-05-19,27.412256240844727,27.52341705010009,27.267746849576884,27.445603126677863,29033480
2022-05-20,27.712392807006836,27.779088281399662,27.49007116667173,27.512302991469337,14661664
2022-05-23,27.767967224121094,27.923591660296513,27.67903824794408,27.85689620029811,10715572
2022-05-24,27.456716537475586,27.834662564378092,27.434484717571756,27.790198924570433,20276748
2022-05-25,27.667926788330078,27.723507197062105,27.44560515340198,27.501185562134005,10270292
2022-05-26,27.323328018188477,27.790203090879373,27.31221125848037,27.790203090879373,23219872
2022-05-27,27.901363372802734,27.968060537424602,27.578997701548868,27.60122952436304,46801572
2022-05-30,28.579444885253906,28.590561644708444,28.245962455769867,28.290426101229333,58170520
2022-05-31,28.85734748840332,28.85734748840332,28.368238897646002,28.557211938906597,28102668
2022-06-01,28.71283721923828,28.912928722083436,28.679490331610186,28.74618749922524,25626728
2022-06-02,28.412702560424805,28.557210250611814,28.368237220523255,28.557210250611814,17718612
2022-06-06,28.612789154052734,28.679486312320506,28.334887154902344,28.51274511283027,16111300
2022-06-07,28.323774337768555,28.446050209379585,28.201496769978196,28.446050209379585,19365760
2022-06-08,28.635021209716797,28.701718364581094,28.490510142117788,28.568324054852503,15916200
2022-06-09,28.546092987060547,28.568326504708,28.379353477959402,28.50162934412414,7709100
2022-06-10,28.2570743560791,28.323771512981878,28.1014499182115,28.190378895355483,16998412
2022-06-13,27.46783447265625,27.623458914831506,27.445600955620463,27.590110335457034,67467100
2022-06-14,27.423370361328125,27.467835701209285,27.14546834774316,27.256629153177148,47559120
2022-06-15,27.289976119995117,27.478949138820347,27.267744299459064,27.345556519424843,35393308
2022-06-16,27.234397888183594,27.790201926717952,27.178817484330157,27.590112133609722,51071688
2022-06-17,26.867568969726562,27.012078370202218,26.76752491349389,26.900917553863938,78686220
2022-06-20,26.623016357421875,26.889801646623614,26.567435947489887,26.878686582344915,42257108
2022-06-21,27.167701721191406,27.167701721191406,26.756407056831726,26.88979969173495,25930500
2022-06-22,26.56743621826172,27.05654315217632,26.53408763272674,27.05654315217632,60435976
2022-06-23,26.21171760559082,26.634128994920598,26.067208222901783,26.634128994920598,67491772
2022-06-24,26.267295837402344,26.522966001630895,26.22283050230484,26.378456630877444,43073528
2022-06-27,26.889801025390625,27.00096184268646,26.634132502553776,26.634132502553776,66723816
2022-06-28,26.634130477905273,26.856452095596705,26.51185290970325,26.856452095596705,43233840
2022-06-29,26.411808013916016,26.5785492218418,26.34511085227399,26.38957449591582,25087984
2022-06-30,25.744844436645508,26.189487679446437,25.678147271753623,26.167254160362898,81720980
2022-07-01,24.799976348876953,25.711494613394223,24.722162428198505,25.711494613394223,138878240
2022-07-04,24.555419921875,24.94448271997918,24.455375880834172,24.733277879480017,105770848
2022-07-05,24.677698135375977,25.111224586309536,24.233054925729565,25.022297301323643,64857832
2022-07-06,24.199708938598633,24.68881753932177,24.110779947905385,24.677700779417833,62447924
2022-07-07,24.922250747680664,24.93336750603053,24.133010094036223,24.333098174900414,53732760
2022-07-08,25.17792320251465,25.322432593243978,24.966718344188248,25.189039961870495,40711428
2022-07-11,24.95560073852539,25.27796639476069,24.866671755232428,25.266851331961117,30291812
2022-07-12,24.355335235595703,24.66658416053234,24.266406244394055,24.66658416053234,44533776
2022-07-13,25.22238540649414,25.266850745197655,25.0334123814971,25.122341362724896,99299588
2022-07-14,25.344663619995117,25.400244022670545,24.855556754923064,25.05564484761118,59001712
2022-07-15,25.67814826965332,25.71149685339525,25.289085417082816,25.478058463381174,74221248
2022-07-18,25.791065216064453,25.937862345595747,25.734604914170237,25.892694793293042,88829376
2022-07-19,25.813650131225586,25.892694207482815,25.655560255679493,25.734604331936723,53005460
2022-07-20,25.9830322265625,26.242748242904206,25.903986423642802,26.16370416301622,67345152
2022-07-21,26.27662467956543,26.27662467956543,25.971739387879275,26.062076217313024,35213080
2022-07-22,26.37825584411621,26.46859095594728,26.265335231295563,26.333086565168863,62459656
2022-07-25,26.355669021606445,26.41212932518575,26.197580860797082,26.26533391430494,42173440
2022-07-26,26.11853790283203,26.33308637644088,26.039493819030444,26.33308637644088,50495728
2022-07-27,26.355669021606445,26.355669021606445,26.005616173233793,26.084660253638475,31668200
2022-07-28,26.40083885192871,26.637971098115543,26.40083885192871,26.615387320816573,33228832
2022-07-29,26.649261474609375,26.76218207407806,26.57021739958762,26.683137999056303,32121328
2022-08-01,26.570215225219727,26.671843067212205,26.468585660195778,26.671843067212205,38018536
2022-08-02,26.147071838378906,26.373355448485494,26.04524317798678,26.373355448485494,70777800
2022-08-03,26.30546760559082,26.30546760559082,26.135754911361204,26.16969779548849,31360808
2022-08-04,26.373353958129883,26.429924857459714,26.067869720623325,26.328096202821914,27397668
2022-08-05,27.040889739990234,27.040889739990234,26.678836331430727,26.701464345764414,37238236
2022-08-08,26.984317779541016,26.984317779541016,26.769349062216392,26.92774688272856,34765628
2022-08-09,26.96169090270996,27.0408898163048,26.70146442112106,26.79197820511809,31536632
2022-08-10,26.678836822509766,26.746720866760377,26.588323037102086,26.70146483725997,28891416
2022-08-11,27.165348052978516,27.25586011579271,27.06351939270214,27.108777150516175,42912384
2022-08-12,27.335060119628906,27.380316149975197,27.22191831735628,27.27848921849259,33697348
2022-08-15,27.583969116210938,27.629225142253546,27.436884441962373,27.482140468004978,38189448
2022-08-16,27.629226684570312,27.674484439546024,27.583970656001426,27.60659867028587,39489064
2022-08-17,27.640541076660156,27.674483960702933,27.56134216483155,27.6292262065103,55419464
2022-08-18,27.459514617919922,27.48214263272359,27.369000832298372,27.47082948852519,21088012
2022-08-19,27.504772186279297,27.60659911540452,27.35768750144864,27.436886415924576,16104076
2022-08-22,27.165348052978516,27.21060408438561,27.09746227946093,27.15403318192327,20028000
2022-08-23,26.746719360351562,26.92774692097122,26.746719360351562,26.825919997126892,41302508
2022-08-24,26.678836822509766,26.9164335669972,26.622265922430824,26.882492408075322,28253912
2022-08-25,26.92774772644043,27.02957465333063,26.803291058990794,26.814605929270513,19574876
2022-08-26,27.063518524169922,27.176660325463615,27.02957563850044,27.12008942481677,39838948
2022-08-29,26.373353958129883,26.46386601593214,26.24889728904152,26.30546818837135,63102952
2022-08-30,26.418607711791992,26.52043463125335,26.29415105342216,26.37335168678843,48621412
2022-08-31,26.610950469970703,26.610950469970703,26.203641034152778,26.237582192332486,28183656
2022-09-01,26.056556701660156,26.158383630379834,25.966042917016637,26.135755615820667,84246316
2022-09-02,25.77370262145996,26.04524225338548,25.762387750793533,26.04524225338548,55976232
2022-09-05,25.830272674560547,25.96604248606909,25.72844402112403,25.818957804265327,35512716
2022-09-06,25.99998664855957,26.1131284514459,25.852901959525962,25.977358633263687,25904464
2022-09-07,25.389019012451172,25.603989466458053,25.366390997925933,25.59267459599201,61955568
2022-09-08,25.570045471191406,25.581360341166146,25.434275663528382,25.581360341166146,28468684
2022-09-12,26.113128662109375,26.169699564008916,26.02261487378873,26.090500646630943,30181272
2022-09-13,26.248897552490234,26.339411337607782,26.192326652592627,26.271525567167906,18161944
2022-09-14,25.717130661010742,25.785014702990846,25.524789952456906,25.58136085064373,43782264
2022-09-15,25.762388229370117,25.85290201716235,25.6153035400086,25.683189312454502,14736400
2022-09-16,25.468215942382812,25.536099976068364,25.411645051108223,25.49084395361133,51803628
2022-09-19,25.35507583618164,25.558729677109437,25.321132953891436,25.558729677109437,28709272
2022-09-20,25.58135986328125,25.603987876401245,25.40033230550781,25.468218071274535,23028824
2022-09-21,25.366392135620117,25.52479169721477,25.29850808899977,25.52479169721477,44046172
2022-09-22,25.0609073638916,25.0609073638916,24.77805287897183,24.98170845339542,59646724
2022-09-23,24.82330894470215,24.970393622371123,24.744110034082475,24.947765608823612,58395944
2022-09-26,24.359432220458984,24.449946014417314,24.246290409612826,24.449946014417314,79683304
2022-09-27,24.325485229492188,24.427312151518063,24.212343437727107,24.393370995113926,35851112
2022-09-28,23.816347122192383,24.359428066934647,23.816347122192383,24.348113197216517,75593876
2022-09-29,23.73714828491211,24.08788680394345,23.669262519212243,24.08788680394345,41608432
2022-09-30,23.409038543701172,23.51086720308731,23.30721161072195,23.375097383646043,50705712
2022-10-03,23.126182556152344,23.442979932210626,23.09224139826598,23.194068324738694,43969468
2022-10-04,23.714521408081055,23.714521408081055,23.556121855994,23.657950509422854,30114732
2022-10-05,24.2689151763916,24.404684985943202,24.065259598860802,24.0992024828504,42787184
2022-10-06,24.438629150390625,24.438629150390625,24.325487348768448,24.39337312030451,33828044
2022-10-07,24.03131866455078,24.302860032091143,24.008690648857485,24.302860032091143,34802512
2022-10-11,22.786758422851562,23.1148706872404,22.74150239223575,23.080927801075088,125921740
2022-10-12,22.673616409301758,22.78675821119729,22.52653344796308,22.718874165904104,53397184
2022-10-13,22.402076721191406,22.752816996782915,22.402076721191406,22.752816996782915,83371040
2022-10-14,23.046981811523438,23.148810456307668,22.877269129956392,23.0243537992625,45731032
2022-10-17,22.61704444885254,22.650987333112514,22.413390596106314,22.61704444885254,78771904
2022-10-18,22.877269744873047,22.979098392394324,22.617043280860965,22.96778352275639,25608136
2022-10-19,22.57179069519043,22.854645215180284,22.526534662554848,22.809389182544702,62496316
2022-10-20,22.44733428955078,22.50390519423857,22.028709940142566,22.221050670799638,75939888
2022-10-21,22.379446029663086,22.59441473647314,22.334188278582715,22.469959805417147,48662404
2022-10-24,22.311561584472656,22.809386517329493,22.311561584472656,22.798071647289216,67982140
2022-10-25,21.881624221801758,22.311563422651837,21.836368190725718,22.311563422651837,80259668
2022-10-26,22.08527946472168,22.175793251847335,21.836367844931303,21.915566761263666,43837832
2022-10-27,22.402076721191406,22.481275637045556,22.28893491956923,22.28893491956923,32068688
2022-10-28,22.11922264099121,22.31156336215323,22.006080837200976,22.31156336215323,45962880
2022-10-31,22.41339111328125,22.48127515696077,22.198420658945647,22.368133357754722,40352320
2022-11-01,22.537845611572266,22.617044524171412,22.356819772260906,22.368132916114032,32777216
2022-11-02,22.628360748291016,22.639675619227926,22.492590929082652,22.537846960016466,28021220
2022-11-03,22.334192276000977,22.36813516378475,22.254993355443496,22.28893624322727,54132456
2022-11-04,22.368133544921875,22.390761559671056,22.06265102979076,22.198420844692716,25730140
2022-11-07,22.75281524658203,22.820699286489404,22.526531660743945,22.583102557203468,48426144
2022-11-08,22.99041175842285,23.06961066743576,22.911212849409942,22.956468875586822,41625688
2022-11-09,23.646635055541992,23.646635055541992,23.205382747460618,23.205382747460618,75645316
2022-11-10,23.420352935791016,23.499551851645165,23.352467164254954,23.409038065066046,58931616
2022-11-11,24.66490936279297,24.66490936279297,24.39336976679277,24.56308244589456,137249556
2022-11-14,24.891193389892578,24.981707165682614,24.755423589410864,24.8459373652009,72667064
2022-11-15,25.954729080200195,26.011299982054517,25.16273645423969,25.16273645423969,135373028
2022-11-16,25.90947151184082,26.192326004328166,25.76238683046604,26.02261330883576,94684964
2022-11-17,25.920787811279297,25.943415826644546,25.536104644442414,25.78501626627398,53409672
2022-11-18,25.8528995513916,26.214952941622084,25.807643525015322,25.99998422672463,42624300
2022-11-21,25.762388229370117,25.943415804954586,25.728445343147165,25.87553003250868,34742276
2022-11-22,25.97736167907715,26.022617714975134,25.58136532254492,25.660564248569944,22178072
2022-11-23,26.158384323120117,26.226270095002256,26.033929376545387,26.169699193902773,31755848
2022-11-24,26.40729522705078,26.441238112072014,26.226269384282286,26.248897398827495,60955344
2022-11-25,26.40729522705078,26.463866126617223,26.328096312939138,26.395982082981604,64081944
2022-11-28,25.87552833557129,26.09049878328078,25.773701409987233,25.932099233430606,60178952
2022-11-29,26.113128662109375,26.113128662109375,25.592675674070836,25.762388379769458,42685868
2022-11-30,26.328094482421875,26.33940935211121,25.98866910862252,26.045240004255746,37184264
2022-12-01,26.780662536621094,27.040889010454944,26.701463625386474,26.973003242878537,98737356
2022-12-02,26.543066024780273,26.690148978413927,26.475180256636435,26.543066024780273,29920608
2022-12-05,26.577007293701172,26.814605756792435,26.52043639548009,26.54306613589397,47951016
2022-12-06,26.090499877929688,26.429925279326483,26.067870136711075,26.429925279326483,39880032
2022-12-07,25.93210220336914,26.214956725060354,25.841588411146553,25.90947418691524,32901556
2022-12-08,25.626615524291992,25.818956222680832,25.445587969098547,25.807643079485437,36475576
2022-12-09,26.022615432739258,26.079186335853908,25.785016949094942,25.796331820280656,24947356
2022-12-12,25.77370262145996,25.8415866662379,25.62661793483077,25.8415866662379,33456200
2022-12-13,25.660558700561523,25.909470296998062,25.626615817773192,25.909470296998062,26088568
2022-12-14,25.97736167907715,26.022617714975134,25.796334082671002,25.818962100619995,31534172
2022-12-15,25.99998664855957,26.03392953470685,25.773703042786913,25.86421683037736,31236764
2022-12-16,25.570045471191406,25.637931238226304,25.40033278001093,25.45690367707109,47527104
2022-12-19,25.422962188720703,25.558732003834535,25.343763273771543,25.422962188720703,24526112
2022-12-20,24.95907974243164,25.456902931416654,24.902508847028493,25.377704023133592,49743932
2022-12-21,25.0609073638916,25.207992041331238,24.95908043988319,25.0722222338511,47612612
2022-12-22,25.47953224182129,25.513475126073036,25.287191532937133,25.287191532937133,20092604
2022-12-23,25.04959487915039,25.12879552359481,24.981710832149798,25.04959487915039,23941448
2022-12-26,25.140106201171875,25.1627342146182,25.0495924209798,25.07222216083289,16120680
2022-12-27,25.25324821472168,25.400332893013804,25.20799218743492,25.20799218743492,16508700
2022-12-28,24.891193389892578,25.004335178028455,24.755423589410864,25.004335178028455,48701404
2022-12-29,24.778051376342773,24.80067938848276,24.529139789989614,24.710165613516157,55414224
2022-12-30,24.936450958251953,25.060907623468463,24.936450958251953,25.026964739645162,34572648
2023-01-03,25.0609073638916,25.09485024736333,24.540454421076518,24.80068089248406,59242536
2023-01-04,25.00433921813965,25.072224992552584,24.913825427724717,24.95908318613566,55019412
2023-01-05,25.185361862182617,25.275873908448588,25.106161232089963,25.17404699319606,48283616
2023-01-06,25.298505783081055,25.38901783699149,25.151421105866458,25.162734249401876,46347120
2023-01-09,26.203641891479492,26.203641891479492,25.773702700932642,25.796330715928395,59992304
2023-01-10,26.30546760559082,26.339410489718105,26.192325809437744,26.237581837336254,47897080
2023-01-11,26.328094482421875,26.418608260716383,26.22626756084476,26.395980247744436,62409904
2023-01-12,26.214956283569336,26.3846689937259,26.169700251423706,26.362040977653084,39816908
2023-01-13,26.520435333251953,26.837232695882623,26.463864437296717,26.814604682781876,113933548
2023-01-16,26.724092483520508,26.825921138102636,26.701464469082314,26.724092483520508,110397484
2023-01-17,26.724092483520508,26.780663382819412,26.656208440205926,26.780663382819412,56226344
2023-01-30,27.92725372314453,27.996667654842895,27.76529023620783,27.950392877223727,173329284
2023-01-31,27.3719482421875,27.904115224724702,27.3719482421875,27.904115224724702,86450304
2023-02-01,27.533912658691406,27.638031790368533,27.406654373068605,27.55705004736748,26163640
2023-02-02,27.99666976928711,28.01980715984414,27.823136692204752,27.83470627011814,62178044
2023-02-03,27.99666976928711,28.042944550401174,27.81156711429136,27.98510019137372,38029112
2023-02-06,27.591754913330078,27.788425350014805,27.591754913330078,27.788425350014805,53519476
2023-02-07,27.533912658691406,27.591757013016387,27.42979352701428,27.55705004736748,33203448
2023-02-08,27.961959838867188,27.985097226973323,27.76528939206067,27.788426780166805,35659720
2023-02-09,27.973529815673828,27.996667204110913,27.834703719781743,27.88097849665591,19396980
2023-02-10,27.99666976928711,28.01980715984414,27.904118441789237,27.973532378730077,24871900
2023-02-13,27.938823699951172,27.973530666296966,27.7421532443512,27.92725412274603,15322364
2023-02-14,28.147064208984375,28.181771175917387,28.05451288558624,28.05451288558624,30469028
2023-02-15,27.49920654296875,27.82313529025433,27.487638730907985,27.753721356811116,49084992
2023-02-16,27.83470344543457,27.88097822185264,27.60332603280509,27.60332603280509,44040076
2023-02-17,27.4760684967041,27.603326783217735,27.395086753136162,27.603326783217735,31532096
2023-02-20,27.533912658691406,27.61489440169246,27.32567263006755,27.42979352701428,23364440
2023-02-21,27.522342681884766,27.557049647029466,27.429793128525,27.533912258689522,17772152
2023-02-22,27.221553802490234,27.24469119142478,27.094295515445797,27.186846836453604,43550488
2023-02-23,27.626461029052734,27.71901233914514,27.290962750626445,27.290962750626445,24790780
2023-02-24,27.48763656616211,27.788426135098636,27.48763656616211,27.742151359960562,21990924
2023-03-01,27.61489486694336,27.638032256009247,27.036451313948024,27.140572212648966,29869272
2023-03-02,27.591754913330078,27.614892300245433,27.371947089729993,27.614892300245433,13924924
2023-03-03,27.61489486694336,27.788427932841962,27.580187900709713,27.7190157656443,12403748
2023-03-06,27.8809814453125,27.97353277411853,27.742155334738342,27.79999969458339,37364848
2023-03-07,28.06608009338379,28.08921748096243,27.81156353421019,27.89254703863971,29874380
2023-03-08,27.83470344543457,27.904115610061677,27.71901473911983,27.88097822185264,24727856
2023-03-09,27.811565399169922,27.95039326449018,27.811565399169922,27.938823687290277,13108684
2023-03-10,27.3719482421875,27.522342146104172,27.30253431324939,27.49920475821465,52548684
2023-03-13,27.48763656616211,27.557048728869223,27.16370784438703,27.290964358651497,74943036
2023-03-14,27.186845779418945,27.290964908211023,27.10586403866182,27.198415356071198,44186128
2023-03-15,27.209985733032227,27.464500555953578,27.17527876507256,27.395088385303964,48857440
2023-03-16,27.082725524902344,27.16370726229337,26.955467248095392,27.117430722877444,62425580
2023-03-17,27.522342681884766,27.522342681884766,27.25626006807107,27.267827879606255,43399212
2023-03-20,27.325672149658203,27.545481751390447,27.267827796350176,27.52234259785158,28429916
2023-03-21,27.452930450439453,27.476067838723413,27.348809555257287,27.418223485378732,14367480
2023-03-22,27.973529815673828,27.973529815673828,27.638031504892567,27.638031504892567,56968508
2023-03-23,28.193336486816406,28.297457378378127,27.869407766295797,27.915684306524177,62131916
2023-03-24,28.274322509765625,28.297461666020624,28.1239285857268,28.228047727795186,53829576
2023-03-27,28.100786209106445,28.204907104512294,28.042941855637498,28.17020013937701,42578380
2023-03-28,27.857839584350586,28.031372636040558,27.811563044738236,27.985096096428205,38965956
2023-03-29,27.90411376953125,28.008234657508535,27.79999464682341,27.915683345507432,12297708
2023-03-30,28.04294204711914,28.158630754846975,27.938822916271924,28.089218589372027,45522456
2023-03-31,28.135494232177734,28.309027299109673,28.089219453770408,28.1586316213814,59806560
2023-04-06,27.99666976928711,27.99666976928711,27.81156711429136,27.96196280081669,30005676
2023-04-07,27.99666976928711,28.100788909428626,27.950394988173045,28.054514128314562,17655436
2023-04-10,27.99666976928711,28.147065455812434,27.973532378730077,28.054514128314562,15124112
2023-04-11,27.961959838867188,28.03137376845516,27.857840709754782,27.996666803661174,23765992
2023-04-12,27.892547607421875,27.96195977157324,27.799996289950496,27.96195977157324,11568680
2023-04-13,27.64960289001465,27.799998572595864,27.64960289001465,27.77686118264561,26200016
2023-04-14,27.915687561035156,27.9735319191122,27.730584909080733,27.7652918769809,12363216
2023-04-17,27.846271514892578,27.880978480162465,27.719014995929104,27.846271514892578,22756672
2023-04-18,27.753719329833984,27.857840222394398,27.707444554431262,27.846270645908955,19338552
2023-04-19,27.545480728149414,27.776858132786472,27.48763637699015,27.765288556446816,31139140
2023-04-20,27.510778427124023,27.626467149050306,27.39508970519774,27.49920884882347,25631852
2023-04-21,27.441362380981445,27.661171994926836,27.41822499142658,27.6380328401023,19224952
2023-04-24,27.337242126464844,27.418223869227205,27.233121229825006,27.25626038370248,26235392
2023-04-25,26.978607177734375,27.371949856127213,26.96703936574231,27.371949856127213,74111004
2023-04-26,26.862916946411133,26.97860565140452,26.7587978180249,26.96703784006691,51812420
2023-04-27,26.839778900146484,26.99017456600293,26.724090197990684,26.851348476469866,37843400
2023-04-28,27.16370964050293,27.198416606786132,27.036451352554383,27.036451352554383,22563740
2023-05-02,27.233121871948242,27.30253580467816,27.09429577175804,27.175277516429855,20658196
2023-05-03,27.117431640625,27.15213860504418,27.024882089199906,27.15213860504418,16713728
2023-05-04,27.186845779418945,27.186845779418945,27.001743144600184,27.071157073974607,14828800
2023-05-05,27.25625991821289,27.3141042713795,27.163708600092406,27.233120764730597,8875004
2023-05-08,27.429794311523438,27.51077605684062,27.38351776757815,27.418224734219702,24044836
2023-05-09,27.510778427124023,27.53391581845532,27.371952313866444,27.44136448786033,18544840
2023-05-10,27.25625991821289,27.48763733087932,27.221552953259014,27.48763733087932,16300476
2023-05-11,27.198415756225586,27.406654016873436,27.198415756225586,27.360379240122708,14739856
2023-05-12,27.117431640625,27.18684556946336,27.013312512637,27.105863829331632,15253396
2023-05-15,27.117431640625,27.15213860504418,26.990175124780727,27.059587288349547,16478796
2023-05-16,27.441362380981445,27.533913704470574,27.267829311415454,27.27939888882772,31605876
2023-05-17,27.892547607421875,27.927252806862782,27.452930173384996,27.452930173384996,104119624
2023-05-18,28.262752532958984,28.32059688862805,28.135494244379185,28.18177078807622,87894220
2023-05-19,28.343732833862305,28.42471457461943,28.27431890448788,28.36687022189726,136498504
2023-05-22,28.297456741333008,28.378438478322686,28.25118020214643,28.34373151525012,71936104
2023-05-23,28.274322509765625,28.378443417103785,28.181772945824743,28.297461666020624,49062812
2023-05-24,28.135494232177734,28.181770775854705,28.019805520889776,28.147063809414387,43519312
2023-05-25,28.470991134643555,28.551972875453828,28.3321632758036,28.45942155798371,45771436
2023-05-26,29.141984939575195,29.165124093470656,28.922177099725126,28.922177099725126,95122080
2023-05-29,29.327085494995117,29.512188121386902,29.26924114490637,29.489048969135823,57995472
2023-05-30,29.327085494995117,29.396499421209406,29.257671568780832,29.327085494995117,48495216
2023-05-31,29.188261032104492,29.315517550219624,28.95688361887381,29.315517550219624,35461188
2023-06-01,28.956884384155273,29.061003516752944,28.899040029318876,29.003159161916546,15517372
2023-06-02,29.327085494995117,29.384929845083867,29.107277670765665,29.107277670765665,31771276
2023-06-05,29.234535217285156,29.338656110294544,29.211397829484028,29.32708653375921,25440488
2023-06-06,29.31551742553711,29.442775708380566,29.188260907963212,29.23453568430471,26369656
2023-06-07,29.639450073242188,29.674155275383608,29.384933489073827,29.384933489073827,48306172
2023-06-08,29.3502254486084,29.662584613349065,29.2808132815936,29.593172446334265,20562940
2023-06-09,29.57003402709961,29.662583579894886,29.477482709034767,29.500620097233586,22207812
2023-06-12,29.847686767578125,29.91710069872684,29.731998059176657,29.731998059176657,54885148
2023-06-13,30.437698364257812,30.53024791413464,30.125337454980233,30.125337454980233,93752808
2023-06-14,30.426128387451172,30.449267539885355,30.3104396863582,30.40298923501699,26707972
2023-06-15,30.518680572509766,30.541819726942858,30.42613101585595,30.4377005930725,44164476
2023-06-16,30.437698364257812,30.495542715565584,30.333579238011627,30.495542715565584,28808864
2023-06-19,30.368284225463867,30.426128576369514,30.20632074903586,30.298870298269296,23915984
2023-06-20,30.206323623657227,30.36828711549869,30.160048844636716,30.333581913868134,26115876
2023-06-21,30.206323623657227,30.322012336478174,30.136909689856793,30.206323623657227,106262060
2023-06-26,30.021221160888672,30.16004902933974,29.940237649202327,30.16004902933974,29573612
2023-06-27,29.824546813964844,29.9749442491775,29.778272037952913,29.882391166614536,26296196
2023-06-28,29.870824813842773,30.00964914045331,29.801410885267973,29.928669165898597,22783412
2023-06-29,29.859254837036133,30.194751368354492,29.8245461079445,30.021218314513373,22786068
2023-06-30,29.870824813842773,29.870824813842773,29.685722181156326,29.801410885267973,28116752
2023-07-03,30.241029739379883,30.241029739379883,29.98651668180426,29.98651668180426,26491300
2023-07-04,30.310441970825195,30.34514717155319,30.20632283810196,30.25259761591904,22718680
2023-07-05,30.26416778564453,30.356717343091,30.171614697658754,30.310442564367765,20003768
2023-07-06,29.593170166015625,30.009648431821333,29.546893626301994,30.009648431821333,65609104
2023-07-07,29.546894073486328,29.685721929458843,29.40806798278333,29.512188874762717,32081608
2023-07-10,29.489051818847656,29.731998818805675,29.384932684734014,29.639449261935614,31486556
2023-07-11,29.89396095275879,29.89396095275879,29.61630876420222,29.61630876420222,18161736
2023-07-12,29.951807022094727,29.951807022094727,29.812982685131175,29.91710182048867,13757804
2023-07-13,30.287302017211914,30.51867943072931,30.27573597096736,30.37985510094236,62665236
2023-07-14,30.59966468811035,30.65750904479865,30.414562040599925,30.414562040599925,58928984
2023-07-17,30.541818618774414,30.588093395422305,30.483974265329767,30.541818618774414,61113608
2023-07-18,30.483129501342773,30.753098012890945,30.44791388107594,30.753098012890945,43350244
2023-07-19,30.224899291992188,30.635723165863926,30.224899291992188,30.553556958249615,57198712
2023-07-20,30.365753173828125,30.4479157954175,30.283586970139016,30.295325510965995,14887776
2023-07-21,29.861026763916016,29.907979139615726,29.696697926592027,29.907979139615726,51028788
2023-07-24,29.87276268005371,29.9666656321499,29.720170606778638,29.814073558874824,38900724
2023-07-25,30.248374938964844,30.330537560579227,29.978402828261125,29.978402828261125,27691160
2023-07-26,30.166208267211914,30.3305370899908,30.130996227366325,30.307063590793632,17586968
2023-07-27,30.400964736938477,30.400964736938477,30.283586494710914,30.31879853453931,16027612
2023-07-28,30.400964736938477,30.494865897880654,30.283586494710914,30.377487655653095,10722548
2023-07-31,30.23663330078125,30.67093061022558,30.107516529071013,30.588767997027695,28994208
2023-08-01,30.38922691345215,30.412703995291565,30.248375168714915,30.283587209374282,17791060
2023-08-02,30.013614654541016,30.389224652376445,29.919711707319724,30.37748611233013,48022884
2023-08-04,29.87276268005371,29.9314518012326,29.790598268613238,29.87276268005371,26939664
2023-08-07,30.166208267211914,30.213158847705927,29.943190323290594,29.9666656135376,18407492
2023-08-08,29.814075469970703,30.09578255326698,29.673221928322565,30.072309052550573,42070044
2023-08-09,29.861026763916016,29.966668265952865,29.731911760604312,29.767125594616594,14657596
2023-08-10,29.673221588134766,29.814075128168092,29.649746296637534,29.79059983667086,43583592
2023-08-11,29.649744033813477,29.89623726229732,29.614530203730126,29.814072852802706,30991408
2023-08-14,29.227182388305664,29.508889453941688,29.133279436077043,29.497152704319262,90266740
2023-08-15,29.274131774902344,29.450199131506125,29.250656485565127,29.40324855283169,29644352
2023-08-16,29.121543884277344,29.20370829921327,29.015902387031225,29.14501917553762,72292252
2023-08-17,29.25065803527832,29.262396576093725,28.851572722252598,29.015901547369104,38535436
2023-08-18,29.07459259033203,29.29761234321083,29.039378756609064,29.156757008318962,30402880
2023-08-21,28.875045776367188,29.215441941050813,28.875045776367188,29.156752823619172,40236924
2023-08-22,29.109806060791016,29.191970477752612,29.039378394223956,29.109806060791016,14564580
2023-08-23,29.30934715270996,29.37977481549175,29.109804496228048,29.109804496228048,27136280
2023-08-24,29.814075469970703,29.837550761737067,29.63800809514804,29.673221928322565,26694756
2023-08-25,29.238920211791992,29.461938150696067,29.22718167140765,29.461938150696067,28754872
2023-08-28,29.426725387573242,29.508889800093417,29.285871853102957,29.30934714367303,17258996
2023-08-29,29.591053009033203,29.591053009033203,29.27413034973548,29.579314469411184,25960364
2023-08-30,29.720170974731445,29.82581246879125,29.60279273092046,29.755384806084713,22997780
2023-08-31,29.50889015197754,29.708434601827296,29.46193957027753,29.708434601827296,17424156
2023-09-01,29.55583953857422,29.649742483536706,29.36803364864924,29.46193659361173,12327708
2023-09-04,29.755386352539062,29.767124893950186,29.48541601953286,29.55584368589968,13690652
2023-09-05,29.684955596923828,29.720169426442613,29.591054439606765,29.708432677302866,14489636
2023-09-06,29.57931900024414,29.743647833825513,29.54410516703386,29.72017254203531,29338084
2023-09-07,29.30934715270996,29.46193922803726,29.274133321319066,29.414988646882644,22600776
2023-09-08,29.18023109436035,29.227181673801958,29.07458960404203,29.13327872386894,22110532
2023-09-11,29.062854766845703,29.227183596752862,28.968951810734506,29.215445055595243,33026528
2023-09-12,29.356300354003906,29.356300354003906,29.07459148597051,29.13328060959623,10398692
2023-09-13,29.391511917114258,29.485414871597506,29.274133671772667,29.391511917114258,12823132
2023-09-14,29.802335739135742,29.802335739135742,29.47367808542364,29.555842498851664,28711600
2023-09-15,29.896238327026367,29.896238327026367,29.755384792726392,29.81407391460554,22933528
2023-09-18,29.57931900024414,29.72017254203531,29.54410516703386,29.72017254203531,28383636
2023-09-19,29.45020294189453,29.591058278241817,29.426727649519986,29.54410590244272,16069368
2023-09-20,29.285871505737305,29.391511207574535,29.22718238448332,29.356299167662023,23793164
2023-09-21,28.816356658935547,29.07458841742482,28.792881370172836,29.062851668568328,84682840
2023-09-22,28.792884826660156,28.82809865955639,28.65203128612518,28.74593245244854,38237532
2023-09-25,29.004165649414062,29.05111623195483,28.816359737151153,28.816359737151153,15972528
2023-09-26,28.663768768310547,28.87504998003298,28.640293476130275,28.792885561877032,40307016
2023-09-27,28.675504684448242,28.710718515019533,28.53465115321291,28.605077023305665,26110120
2023-09-28,28.792884826660156,28.910263075614296,28.65203128612518,28.816360118240997,22157308
2023-10-02,29.168493270874023,29.227182392143387,29.015901197363707,29.015901197363707,25845048
2023-10-03,28.99242401123047,29.14501607476268,28.98068547132425,29.09806370618753,20273816
2023-10-04,28.6168155670166,28.68724143711716,28.48769878525751,28.66376614708364,44900108
2023-10-05,29.02764129638672,29.02764129638672,28.734195674286266,28.734195674286266,16421960
2023-10-06,29.133277893066406,29.18023026221886,29.06285202591235,29.06285202591235,19539980
2023-10-11,29.63800621032715,29.673220041262258,29.54410325818347,29.55584179884512,53988076
2023-10-12,29.88450050354004,29.896237252864253,29.649744024458183,29.696694603854635,57188056
2023-10-13,29.802335739135742,29.907977234443106,29.696696034878265,29.814074280075413,25451284
2023-10-16,29.63800621032715,29.6497447509888,29.50888942724836,29.6497447509888,30968164
2023-10-17,29.70843505859375,29.814074764567923,29.673221226252387,29.7436470998852,27344148
2023-10-18,29.297609329223633,29.63800550774414,29.297609329223633,29.63800550774414,38264128
2023-10-19,29.30934715270996,29.39151156525547,29.203707449587142,29.203707449587142,31304980
2023-10-20,29.438465118408203,29.450201868642754,29.08633037247282,29.28587303695955,17549164
2023-10-23,29.07459259033203,29.30934909375183,29.004166713936083,29.30934909375183,32149280
2023-10-24,29.098066329956055,29.098066329956055,28.8046207163379,29.062854289161784,28788744
2023-10-25,29.156755447387695,29.321086065613965,29.156755447387695,29.156755447387695,15920360
2023-10-26,28.581602096557617,28.734194170272822,28.546388265538745,28.605077386886915,87896488
2023-10-27,28.71072006225586,28.816359768612884,28.66376768861391,28.675506229786876,16275748
2023-10-30,28.640291213989258,28.83983386833577,28.581602092649113,28.734194166343453,36553408
2023-10-31,28.44074821472168,28.74593056735935,28.429009674176076,28.73419381786357,43123508
2023-11-01,28.581602096557617,28.675505048924652,28.46422385386128,28.640291217905784,17689308
2023-11-02,29.227182388305664,29.227182388305664,28.91026149170268,28.91026149170268,39232848
2023-11-03,29.45020294189453,29.485416775981353,29.274135562510427,29.34456323068407,34794272
2023-11-06,29.70843505859375,29.8610253469898,29.661482685121964,29.70843505859375,63692796
2023-11-07,29.696693420410156,29.767121077748016,29.602790474309586,29.696693420410156,26172452
2023-11-08,29.861026763916016,29.919715890253155,29.696697926592027,29.731911760604312,44402716
2023-11-09,29.87276268005371,29.907976510971015,29.73190914743435,29.790598268613238,24907492
2023-11-10,29.755386352539062,29.778861644311352,29.67322193581108,29.74364781112794,17006284
2023-11-13,30.213159561157227,30.424442551519025,30.166208979554526,30.342276347139475,101550224
2023-11-14,30.283586502075195,30.42444182562239,30.27184796142965,30.3305370825577,80377828
2023-11-15,30.6474609375,30.753100643136612,30.53008269077047,30.72962356095078,91164196
2023-11-16,30.659196853637695,30.80004858839391,30.588769195209835,30.706147431889768,73317344
2023-11-17,30.75309944152832,30.870477683671556,30.64745974001934,30.659198280653598,108590352
2023-11-20,30.74135971069336,30.764836791052925,30.623981473094606,30.764836791052925,34641500
2023-11-21,31.116973876953125,31.15218591807835,30.858740301702138,30.858740301702138,113513384
2023-11-22,30.835264205932617,30.940903902515316,30.788310045585188,30.811787125758904,24548288
2023-11-23,30.823528289794922,30.85874033095352,30.694411502047036,30.835266830881057,24937264
2023-11-24,30.800048828125,30.90568852553928,30.764836789686754,30.823525908483525,53237608
2023-11-27,30.600507736206055,30.9526424462563,30.541818617864347,30.800048589308155,37727104
2023-11-28,30.811786651611328,30.940903426380828,30.588768721790984,30.61224221950397,38275884
2023-11-29,30.788311004638672,31.034806025742945,30.764837505833267,30.82352662599621,26470308
2023-11-30,30.835264205932617,30.87047624409368,30.67093180891563,30.82352566584576,43669324
2023-12-01,30.940902709960938,30.940902709960938,30.706146245670034,30.75309682210834,21198560
2023-12-04,30.823528289794922,30.987857118701406,30.729623543205633,30.94090653645667,17596136
2023-12-05,30.600507736206055,30.659196854547762,30.494864457511376,30.659196854547762,19111864
2023-12-06,30.706148147583008,30.846999885622168,30.612243406790643,30.612243406790643,28548196
2023-12-07,30.518342971801758,30.6709332538209,30.518342971801758,30.659198295280714,10954636
2023-12-08,30.76483726501465,30.89395404478235,30.72962164393277,30.78831076363631,52095808
2023-12-11,30.800048828125,30.835264448662784,30.6709320503522,30.764836789686754,12519352
2023-12-12,30.870479583740234,30.99959637446483,30.83526754176984,30.964380750394543,21902040
2023-12-13,30.88221549987793,30.94090461957283,30.84699987880123,30.893954040236828,11761744
2023-12-14,31.25782585144043,31.328253516304137,31.105235562652258,31.140447604034197,128026068
2023-12-15,31.386940002441406,31.504318239983892,31.37520146226725,31.37520146226725,73515340
2023-12-18,31.43389129638672,31.43389129638672,31.128710737510815,31.375202176279874,26607988
2023-12-19,31.316513061523438,31.410417802970205,31.163922782059416,31.410417802970205,22424988
2023-12-20,31.398679733276367,31.422156814514945,31.316513531041007,31.351729152898876,26463340
2023-12-21,31.128713607788086,31.152187108735472,30.999596815227665,31.034808857698714,21419804
2023-12-22,31.210872650146484,31.246088270673486,31.128710033115883,31.128710033115883,24816776
2023-12-25,31.339990615844727,31.410418277468807,31.210873833217192,31.22261237383782,32321648
2023-12-26,31.51605987548828,31.55127191736954,31.3399925018822,31.3399925018822,67267856
2023-12-27,31.868194580078125,31.903406621912293,31.53953691595963,31.551271875171096,119800140
2023-12-28,31.868194580078125,31.92688370453499,31.79776691430991,31.868194580078125,59393184
2023-12-29,31.79776382446289,31.926880602141456,31.774290326221035,31.856452943216826,52446432
